nucleoside	monoisotopic_mass
T3T	759.19516
C3T	744.19550
G3T	784.20164
A3T	768.20673
A5T	948.21325
T5T	939.20169
G5T	964.20817
C5T	924.20202
Ai	313.05761
Ti	304.04604
Gi	329.05252
Ci	289.04637