nucleoside	monoisotopic_mass
A	313.05761
T	304.04604
G	329.05252
C	289.04637