name	weight
END	373.16714
d/z	15.99491
c/y	0
c/y-cyclization	-18.01056
b/x	-63.97142
a/w	-79.96633