name	weight
START	537.11887
a/w	79.96633
b/x	63.97142
c/y	0
d/z	-15.99491