nucleoside	monoisotopic_mass
A	329.05252
G	345.04743
C	305.04129
U	306.0253